created_at,text
2022-12-19 19:20:36,"Die Menschen befanden sich mit Freundinnen, Freunden und Familienmitgliedern auf dem dortigen Weihnachtsmarkt. Heut‚Ä¶ https://t.co/FbroZh1AWo"
2022-12-19 19:20:35,Vor 6 Jahren ermordete ein islamistischer Terrorist am Berliner #Breitscheidplatz diese 12 Menschen und verletzte D‚Ä¶ https://t.co/J4E0Qz93FP
2022-12-18 21:20:57,"Mit einem furiosen Abschlusskonzert der Festival-Ch√∂re &amp; -Ensembles endete heute das #LouisLewandowskiFestival. 
Wa‚Ä¶ https://t.co/T3OaZwhkrn"
2022-12-17 19:45:41,"Das #SchwuZ feiert Geburtstag und wird unglaubliche 45 Jahre alt! 
Es ist queerer #Kulturort, #Wohnzimmer, Ort f√ºr‚Ä¶ https://t.co/8Ix60C6YXo"
2022-12-17 18:02:41,Jahrzehntelanges Engagement f√ºr Solidarit√§t und Menschlichkeit erf√§hrt √∂ffentliche Anerkennung! In einer bewegenden‚Ä¶ https://t.co/pJbLEjQHmM
2022-12-16 22:46:48,"‚ÄûAngabe der Person‚Äú am @DT_Berlin. Eine gro√üartige Inszenierung von  Jossi Wieler mit Fritzi Haberlandt, Bernd Moss‚Ä¶ https://t.co/Lg453Bqfue"
2022-12-16 07:56:54,"RT @katjakipping: Aus der Rubrik people who #mademyyear. Liebe #LenaKreck, lieber @klauslederer, die Zusammenarbeit mit Euch im Senat war e‚Ä¶"
2022-12-15 13:54:17,"RT @dielinkeberlin: #LINKE verweigern #CETA die Zustimmung:

https://t.co/zt9mjLsoXd"
2022-12-15 12:46:28,"Gemeinsame #LINKE Erkl√§rung: Wir stimmen #CETA nicht zu
Warum wir das Freihandelsabkommen CETA ablehnen und auch im‚Ä¶ https://t.co/XXughYJS8d"
2022-12-15 11:29:14,"@ulfposh .@ulfposh, Lust auf ein Streitgespr√§ch zum Sinn von Steuern, Regulierung, Subventionen? Ich komm gern zu I‚Ä¶ https://t.co/jXff5Lfh0v"
2022-12-15 09:14:40,"""Der Unterschied zwischen der Ampel und dem, was wir in Berlin machen: Hier ist nicht die FDP, sondern die‚Ä¶ https://t.co/bwRMesCewL"
2022-12-14 17:18:26,"RT @dielinkeberlin: .@klauslederer zur #Berlinwahl:  ¬´Wir wollen verhindern, dass all diejenigen hinten runterfallen, die ohnehin wenig hab‚Ä¶"
2022-12-14 17:17:24,"Heute haben wir unsere Kampagne f√ºr die #BerlinWahl2023 vorgestelltüòä
Wir wollen uns um #dasWesentliche k√ºmmern - un‚Ä¶ https://t.co/3JJGX4Om2q"
2022-12-14 17:10:57,RT @ndaktuell: Die @dielinkeberlin l√§uft sich warm f√ºr den #Wahlkampf auf den Stra√üen von #Berlin. Nun hat die Partei die dazugeh√∂rige Plak‚Ä¶
2022-12-14 16:35:52,"@ennolenze Lieber @ennolenze, I do my very best! üòâüëçüçÄüéàüéà"
2022-12-14 10:48:10,RT @SenKultEu: F√ºr ein buntes #Berlin: Der #Hauptstadtkulturfonds f√∂rdert innovative Projekte unterschiedlicher k√ºnstlerischer Sparten. Nun‚Ä¶
2022-12-14 07:01:15,RT @LinksfraktionB: Die #Heizkosten steigen auch f√ºr Transferleistungsbeziehende. Also helfen wir. Auf Vorlage von Sozialsenatorin @katjaki‚Ä¶
2022-12-13 08:52:08,"RT @dielinkeberlin: Gute Sache: ‚ÄûMit der #Jugendkulturkarte erhalten junge Ber¬≠li¬≠ne¬≠r*in¬≠nen die M√∂glichkeit, verpasstes Kulturleben nachz‚Ä¶"
2022-12-12 21:04:33,"Die @rbbabendschau hat heute √ºber die #Jugendkulturkarte berichtet, die zum 1.2. in #Berlin startet.
Im Interview k‚Ä¶ https://t.co/jA3k9jUIrS"
2022-12-12 19:38:10,"RT @dielinkeberlin: Danke @klauslederer üéàDie #Jugendkulturkarte ist eine richtig gute Sache, erz√§hlt es weiter: Ab dem 1.2. k√∂nnen damit 50‚Ä¶"
2022-12-12 14:21:05,"RT @rbb24: Junge Erwachsene in #Berlin k√∂nnen bald die #Jugendkulturkarte beantragen: 50 Euro Guthaben, die in 200 Museen, Clubs, Theatern‚Ä¶"
2022-12-12 14:20:12,RT @ArndtBreitfeld: Ich hab mir f√ºr den @rbbabendschau-Dreh den #Prototyp geschnappt. #jugendkulturkarte. https://t.co/PLHKnvzWZZ
2022-12-12 13:36:32,"Eine tolle Sache, ab dem 1.2. k√∂nnen damit 50‚Ç¨ f√ºr kulturelle Erlebnisse bei unseren Berliner Kulturinstitutionen e‚Ä¶ https://t.co/Djk9cB8z9k"
2022-12-12 13:36:31,Die #Jugendkulturkarte kommt! Gemeinsam mit dem klasse Team der @kulturprojekteb habe ich heute unsere Jugendkultur‚Ä¶ https://t.co/QViFkNVjUj
2022-12-12 13:34:58,RT @kulturprojekteb: Die #Jugendkulturkarte kommt! Heute wurde die Initiative von @SenKultEu und uns vorgestellt. Ab dem 01.02.23 bis 30.04‚Ä¶
2022-12-11 15:21:33,"Ihr k√∂nnt dort auch, noch besser, eine eigene Spendenaktion f√ºr die @KabulLuftbrucke starten. Das geht ganz einfach‚Ä¶ https://t.co/qjWvfiP8Vj"
2022-12-11 15:21:32,"Zum heutigen dritten Advent habe ich deshalb eine Spendenaktion gestartet (Link im 1. Tweet), um gemeinsam Support‚Ä¶ https://t.co/vi3PycYmuT"
2022-12-11 15:21:32,"Als Kultursenator wei√ü ich, wie extrem gef√§hrdet afghanische K√ºnstler*innen und Schriftsteller*innen seit der Macht‚Ä¶ https://t.co/lLjtRwvR4B"
2022-12-11 15:21:31,"Die @KabulLuftbrucke √ºbernimmt Verantwortung, wo die BuReg seit dem chaotischen Abzug der Bundeswehr versagt hat, d‚Ä¶ https://t.co/zo1wRPEBeH"
2022-12-11 12:24:22,Ein gro√ües Doppel-Interview mit @katjakipping &amp; mir erscheint heute in der gedruckten Ausgabe des @Tagesspiegel. Es‚Ä¶ https://t.co/fMydvizDWo
2022-12-10 23:32:23,und als Finale Brecht/Weill ‚ÄûDie sieben Tods√ºnden‚Äú mit der wunderbaren Katharine Mehrling als die beiden Annas. Und‚Ä¶ https://t.co/24C1md6zA4
2022-12-10 23:32:22,Was f√ºr ein Abend! üòÑ Das Rundfunk-Sinfonieorchester Berlin im @konzerthaus Berlin mit der 1. Sinfonie von Friedrich‚Ä¶ https://t.co/DP3Um06V2q
2022-12-10 12:08:32,"Es ist zwar ganz sch√∂n kalt‚Ä¶ ‚ùÑÔ∏è‚õÑÔ∏èüå¨Ô∏è Aber es hat gro√üen Spa√ü gemacht heute Vormittag in Pankow, gemeinsam mit den Mi‚Ä¶ https://t.co/YDR1fk3KVU"
2022-12-10 09:25:07,"‚ÄûAlso die Linken haben sich heute ziemlich kampfeslustig gezeigt‚Äú, so startete @rbbabendschau gestern ins Interview‚Ä¶ https://t.co/kJiDCnEFx4"
2022-12-10 08:52:26,RT @rbb24: Mit einem angriffslustigen @klauslederer und Tipps f√ºr den Winterwahlkampf beschreitet die @dielinkeberlin den Weg zur #Wahlwied‚Ä¶
2022-12-09 19:25:11,"Ich will, dass es auch nach dem 12.02. noch jemanden gibt im Senat, der sich um das wesentliche Feld der Solidarit√§‚Ä¶ https://t.co/8eT0NYrkbJ"
2022-12-09 19:22:35,"Wahlkampf-Auftakt im @Festsaal: 
Wir #BerlinerLinke jammern nicht, sondern k√ºmmern uns um #dasWesentliche.
Wir woll‚Ä¶ https://t.co/aiOxPWUt7d"
2022-12-09 18:27:13,"RT @dielinkeberlin: Unser Spitzenkandidat am Podium! @klauslederer ist froh, dass es ""Alternativen zu zynischen Spartipps wie weniger Dusch‚Ä¶"
2022-12-09 18:26:16,"RT @dielinkeberlin: Ein k√§mpferisches Versprechen f√ºr ein soziales, ein solidarisches, ein warmes Berlin einl√∂sen! - #AGHW23 #BerlinerLinke‚Ä¶"
2022-12-09 09:44:18,"Ich bin beeindruckt von der Rede der @zdkonline-Pr√§sidentin Irme Stetter-Karp, nachdem ich die Mitglieder des‚Ä¶ https://t.co/zNtFemuAYv"
2022-12-08 15:20:54,"Wow! Sechs Jahre ist es jetzt schon her, dass ich zum Senator f√ºr #Kultur und #Europa ernannt worden bin. Mit viele‚Ä¶ https://t.co/I3aALXVNtp"
2022-12-08 14:02:48,RT @dielinkeberlin: Auf geht's! ‚úä Morgen 18 Uhr stimmen wir uns im Festsaal Kreuzberg offiziell in den Wahlkampf ein. Mit Reden von @klausl‚Ä¶
2022-12-08 11:07:37,Die #GraffitiLobby organisiert im Park am Nordbahnhof auf geduldeten Fl√§chen regelm√§√üig thematische Jams mit K√ºnstl‚Ä¶ https://t.co/aq8lgo6n8z
2022-12-07 16:46:09,"Und wir sind fest entschlossen, das nach dem 12. Februar 2023 weiterhin zu tun. Gro√ües Dankesch√∂n an DIE LINKE. Tre‚Ä¶ https://t.co/jC7Y1mpsOw"
2022-12-07 16:46:06,"gibt es @dieLinke.
In #Berlin k√ºmmern wir uns um das Wesentliche, zeigen, dass es auch anders geht. 
@katjakipping,‚Ä¶ https://t.co/dfk4KjUmsH"
2022-12-07 16:46:04,‚ÄúWir lassen niemanden zur√ºck‚Äù hie√ü es vom Kanzler vor einem halben Jahr. Damit es nicht bei Duschtipps &amp; Ratschl√§ge‚Ä¶ https://t.co/5qkaRclpbt
2022-12-07 13:00:28,"Mehr Informationen gibt es hier, ihr k√∂nnt aber auch einfach telefonisch bestellen:
https://t.co/PKBHJIqL58‚Ä¶ https://t.co/GHttP1ipUK"
2022-12-07 13:00:26,"und zwar bis zum 9.12. Das Kollektiv ‚ÄûLiteratur f√ºr das, was passiert‚Äú verfasst  individuelle Wunschtexte und nimmt‚Ä¶ https://t.co/En3MWkF3Wo"
2022-12-07 13:00:24,"Ihr sucht noch ein passendes Weihnachtsgeschenk? Wie w√§re es mit einem passgenauen Horoskop, Monolog, Gedicht, eine‚Ä¶ https://t.co/ZyID4s245s"
2022-12-07 09:05:54,"Wenn der Begriff Terrorismus, der in j√ºngster Zeit etwas zu inflation√§r gebraucht wird, tats√§chlich zutreffend ist,‚Ä¶ https://t.co/yxJSVhRHln"
2022-12-06 12:14:15,"die Regulation gegen Spekulation mit √∂ffentlichen Grundbed√ºrfnissen wie Energie, Wohnraum, Bildung und Gesundheit.‚Ä¶ https://t.co/2ig0HQubUB"
2022-12-06 12:14:12,"Schmit ist ein wirklich engagierter Streiter f√ºr soz. Standards, Armutsbek√§mpfung &amp; Reichtumsbesteuerung. Wir sprec‚Ä¶ https://t.co/YghnUM2lBN"
2022-12-06 12:14:09,"demokratisches und solidarisches Europa auch hier vor Ort zu streiten.
ich bin sehr froh, dass uns aus der EU_Kommi‚Ä¶ https://t.co/mnbOJHxb6Z"
2022-12-06 12:14:07,"Der Senat von #Berlin tagt, seit ich die @SenKultEu leite, regelm√§√üig in #Br√ºssel. Das ist wichtig, denn nicht nur‚Ä¶ https://t.co/Kv0CloYP80"
2022-12-06 10:14:37,"RT @dielinkeberlin: Die Preise f√ºr Lebensmittel &amp; Energie gehen durch die Decke. Wir sagen: Es reicht! Strom, Heizen, Lebensmittel, Bus &amp; B‚Ä¶"
2022-12-03 09:42:44,"Morgen ist wieder #Museumssonntag in #Berlin, das hei√üt: Freier Eintritt f√ºr Alle in zahllosen Berliner Museen! üéà
W‚Ä¶ https://t.co/Evp3c3d2SB"
2022-12-02 16:13:18,"RT @dielinkeberlin: Knast wegen Schwarzfahren?üò†Jedes Jahr m√ºssen bundesweit 60.000 Menschen ins Gef√§ngnis, weil sie eine Geldstrafe nicht b‚Ä¶"
2022-12-02 12:32:35,"RT @LinksfraktionB: F√ºr ordentliche L√∂hne und gegen Armut: wir nehmen da Einfluss, wo wir auf Landesebene k√∂nnen! Der #Vergabemindestlohn,‚Ä¶"
2022-12-02 10:39:13,"RT @dielinkeberlin: Die Preise f√ºr Lebensmittel &amp; Energie gehen durch die Decke. Wir sagen: Es reicht! Strom, Heizen, Lebensmittel, Bus und‚Ä¶"
2022-12-01 09:07:12,"Die Pandemie bedeutete einen schweren R√ºckschlag f√ºr die Bem√ºhungen, den Anspruch #KulturF√ºrAlle einzul√∂sen. Wie ic‚Ä¶ https://t.co/kb6Ii1W1DV"
2022-11-30 21:44:26,"an Hamid Djadda f√ºr die Sanierung der #AVUS-Trib√ºne. Du kannst ja √ºber #Berlin meckern, wie du willst. Aber diese S‚Ä¶ https://t.co/PqKyj9pUna"
2022-11-30 21:44:23,"Die Ferdinand-von-Quast-Medaille des Landesdenkmalamts bei der @SenKultEu wurde heute verliehen an: EFEU e.V., die‚Ä¶ https://t.co/vVbHgLzcqL"
2022-11-30 21:44:21,#Denkmalschutz mag angestaubt klingen. Aber ich erlebe jetzt seit 6 Jahren live und darf meines f√ºr die Unterst√ºtzu‚Ä¶ https://t.co/LQz2ybsSBn
2022-11-30 15:16:54,@dielinkeberlin @linke_sachsen @DIELINKELeipzig @linke_dresden @LINKEChemnitz @LINKEw_sachsen @linkevogtland‚Ä¶ https://t.co/nLo050uhFw
2022-11-30 13:20:39,"Das #EJJ mag sich dem Ende zuneigen, aber die Belange von Jugendlichen und jungen Erwachsenen sind ungebrochen wich‚Ä¶ https://t.co/JPYnOdv4Te"
2022-11-30 13:20:39,Meine pers√∂nliche Verbindung zum @ljrberlin reicht bis kurz nach dem Mauerfall zur√ºck: 1990 durfte ich mit dem LJR‚Ä¶ https://t.co/YKArjzYrn9
2022-11-30 08:28:10,"Es ist wichtig, in der #Solidarit√§t mit den Menschen in und aus der #Ukraine nicht nachzulassen, das ist n√§mlich da‚Ä¶ https://t.co/6dmSGzRVc4"
2022-11-30 08:28:08,"Krieg, Zerst√∂rung, aber auch Lebensmut in #Kyjiv zeigen die Fotos der Ausstellung, die gestern im Roten Rathaus von‚Ä¶ https://t.co/FZN1tsUXHu"
2022-11-30 08:00:23,"RT @katjakipping: Morgen Kinder wird's was geben,  Morgen startet die AdventskalenderZeit und die AV #Tariftreue tritt in #Berlin in Kraft.‚Ä¶"
2022-11-28 15:55:20,"RT @kulturBdigital: ""Impulse setzen und versuchen mit diesen Impulsen Ver√§nderungsprozesse anzusto√üen"". Den Impuls von Kultursenator @klaus‚Ä¶"
2022-11-28 08:53:38,"‚ÄûNat√ºrlich traue ich mir zu,  Regierender B√ºrgermeister zu werden.‚Äú 

Mit @bertschulz und @retep_kire von‚Ä¶ https://t.co/K1dPD8jIJc"
2022-11-27 18:33:02,"Herzlichen Gl√ºckwunsch, @eva_kroeger, die neue Oberb√ºrgermeisterin von #Rostock! Ein tolles Ergebnis von 58%, und n‚Ä¶ https://t.co/xGoAD5CkZQ"
2022-11-27 18:26:43,"Keine Frage, es gibt mehr denn je zu tun gg. alte/neue Nazis, die extreme Mitte, Rassismus &amp; Antisemitismus. 
Hans‚Ä¶ https://t.co/Q1SKLFOUNX"
2022-11-27 18:26:36,"Mein Freund und Genosse, der Antifaschist Hans Coppi, feiert heute seinen 80. Geburtstag. Da bin ich nat√ºrlich dabe‚Ä¶ https://t.co/d8LvErdkNh"
2022-11-26 12:35:02,Am 10.12. im Friedrich-Ludwig-Jahn Sportpark. Kommt rum! üéàüòâüí™üèª https://t.co/BW5GW5rFAa
2022-11-26 11:43:32,"RT @dielinkeberlin: Gemeinsame #LINKE Erkl√§rung zum #B√ºrgergeld: ‚ÄûWir wollen Sicherheit und Zukunft f√ºr alle, denen angst und bange wird, w‚Ä¶"
2022-11-26 11:02:23,"Ich bin froh, dass ich dabei sein und die besten Gr√º√üe des Senats √ºberbringen durfte. Und wir br√§uchten noch viel m‚Ä¶ https://t.co/CLMIa7qVt8"
2022-11-26 11:02:20,"Am gestrigen Abend wurde die @UraniaBerlin-Medaille an meinen Freund Igor Levit verliehen, der Urania-Courage-Preis‚Ä¶ https://t.co/wkKtdqmEsF"
2022-11-25 22:42:06,Berliner Arbeitsstipendiums f√ºr deutschsprachige Literatur der  @SenKultEu ihr Talent. Ich habe mich sehr gefreut d‚Ä¶ https://t.co/YM8YHw6IAZ
2022-11-25 22:42:03,"Mit 28 Lesungen, Gespr√§chen und Texten er√∂ffnen die Berliner Manuskripte 20022 heute und morgen der √ñffentlichkeit‚Ä¶ https://t.co/nrOUC7yZaq"
2022-11-25 11:52:20,RT @katjakipping: Heute wird im Bundesrat √ºber das #B√ºrgergeld abgestimmt. Meine Einsch√§tzung dazuüëá https://t.co/nfiigGhJ0s
2022-11-24 20:58:44,"Ich freue mich sehr, dass diese Ausstellung nun in unserem Landesmuseum zu sehen ist, dort geh√∂rt sie auch hin. Heu‚Ä¶ https://t.co/aWE0eWjVqL"
2022-11-24 20:58:38,und #Kapitalismus. Das ist auch eine Solidarit√§tsbekundung der @BG_Museum f√ºr die K√ºnstler*innen und Kurator*innen‚Ä¶ https://t.co/wVks6M48sL
2022-11-24 20:58:29,"‚Äû#Klassenfragen. #Kunst und ihre Produktionsbedingungen‚Äú ist eine Ausstellung, die die Fragen thematisiert, √ºber di‚Ä¶ https://t.co/6oN7XlIvg7"
2022-11-23 19:19:27,"Das ist #Berlin!
Also, was soll ich noch sagen? Geht hin! Teilt das, erz√§hlt es weiter! Macht Propaganda! Es lohnt‚Ä¶ https://t.co/JpQAH6YjJI"
2022-11-23 19:19:26,"die die √Ñsthetik der Epoche aufs Trefflichste einf√§ngt. 
Respekt und ein dickes Dankesch√∂n an die Macher*innen, da‚Ä¶ https://t.co/GlaWYsZ4Y5"
2022-11-23 19:17:43,"Die neue Ausstellung, wieder mit exzellenten &amp; fachkundig gearbeiteten Katalog flankiert, besticht nicht nur durch‚Ä¶ https://t.co/dOSkB0L2QS"
2022-11-23 19:16:59,"‚Äû1922 - #Grosz reist nach Sowjetrussland‚Äú: das ist die neue, die 2. Ausstellung in dem ganz grandiosen &amp; rein auf p‚Ä¶ https://t.co/9lBjMTeCrl"
2022-11-23 16:57:24,RT @kickstattguck: ‚ÄûKicken statt Gucken‚Äúwird am 10.12. moderiert von @FabianGrischkat und Sabine ‚ÄûBine‚Äú Krutschinna. Auf der B√ºhne zu Gast‚Ä¶
2022-11-23 16:57:03,"infiziert haben oder erkrankt sind. 
Ihr k√∂nnt in den n√§chsten Tagen manche von uns aus der @dielinke_queer - oder‚Ä¶ https://t.co/KnH9FLd2om"
2022-11-23 16:56:58,"Alle Jahre wieder‚Ä¶ die Spendensammlung von @dielinke_queer zum Welt-AIDS-Tag, zugunsten der Berliner Aids-Hilfe e.V‚Ä¶ https://t.co/DSEkWcSbgX"
2022-11-22 20:23:06,"wenn das Regime der Ausbeutung, der Verst√§rkung von Armut und Reichtum, nicht √ºberwunden wird. Es gibt so viel loka‚Ä¶ https://t.co/LE79E4hZuM"
2022-11-22 20:22:58,der heute auf einer Veranstaltung des deutschen UNDP-B√ºros seine hiesige Premiere hatte. Vielen Dank an Michael Leu‚Ä¶ https://t.co/EhfLdvo4W6
2022-11-22 20:22:54,"Das United Nations Development Programme - UNDP hat es sich zur Aufgabe gemacht, lokale Ans√§tze und Grassroots-Init‚Ä¶ https://t.co/qrEN5ub495"
2022-11-22 20:22:47,"Die #UN-Ziele zur nachhaltigen Entwicklung stehen gerade wenig im Fokus der √ñffentlichkeit. Sehr zu Unrecht, denn‚Ä¶ https://t.co/hMERh1lZye"
2022-11-21 21:06:13,"Und die Kirsche auf dem Cocktail war dann die letzte Gelegenheit, das Bildnis Richard Dehmels, gezeichnet von Max L‚Ä¶ https://t.co/zGOoUtInyp"
2022-11-21 21:06:12,"innovativ f√ºr die kulturelle Bildung engagiert. Ich danke sehr, dass ich den Geburtstagsvortrag halten durfte: ‚Äû√úbe‚Ä¶ https://t.co/6SVk9IE0s3"
2022-11-21 21:06:08,"25 Jahre Stiftung Brandenburger Tor der @BerlinerSpk , das ist tats√§chlich Grund zum Feiern. Seit ihrer Gr√ºndung is‚Ä¶ https://t.co/TxWhwALCz4"
2022-11-21 15:17:39,"obwohl die Spieler massiv unter Druck gesetzt wurden, genau das nicht zu tun. Die M√§nner sehen m√ºde, w√ºtend, angesp‚Ä¶ https://t.co/Z7JuSJQsAq"
2022-11-21 15:17:38,"Acht Europ√§ische Mannschaften aus dem freien Westen verzichten auf die one love Armbinde, weil die FIFA mit Sanktio‚Ä¶ https://t.co/7pwDEYwGP6"
2022-11-20 13:31:19,"RT @dielinke_queer: Nach Oslo und Bratislava der n√§chste Angriff auf eine queere Location, diesmal in Colorado Springs. Unsere Gedanken sin‚Ä¶"
2022-11-20 13:28:56,Die Aktion #KunstF√ºrAlle von @BerlAbendblatt und @BerlinRundfunk unterst√ºtzt K√ºnstler*innen &amp; stellt ihre Werke den‚Ä¶ https://t.co/94PxwaUGFv
2022-11-17 14:56:21,RT @katjakipping: Aktuell wird viel Unfug √ºber Wirkung von #HartzIV Sanktionen behauptet. Vor Jahren hat der Wissenschaftl.Dienst desBT auf‚Ä¶
2022-11-17 10:55:47,RT @rbb24Inforadio: Die Landesvorsitzende der @dielinkeberlin @Katina_Schubert gibt sich f√ºr die Neuwahl im Februar k√§mpferisch. Sie wirbt‚Ä¶
2022-11-16 16:09:27,@heuteshow Wenn man doch nur einen von den beiden w√§hlen k√∂nnte... ü§îüéà https://t.co/RPpY8TGQ5Q
2022-11-16 13:50:03,RT @katjakipping: Auf geht‚Äòs! #BerlinerLinke
2022-11-16 13:25:49,Jenseits des nun ins Haus stehenden Wahlkampfs m√ºssen wir als Senat weiterhin unsere Arbeit machen und die Berliner‚Ä¶ https://t.co/MVz6nAE58x
2022-11-16 13:25:49,"Die Entscheidung nimmt den Senat in die Pflicht, die anstehende Wiederholungswahl verantwortungsvoll vorzubereiten‚Ä¶ https://t.co/JMiBSnLH4x"
2022-11-16 13:25:48,"Das Verfassungsgericht hat entschieden, dass die Wahlen zum #Abgeordnetenhaus und zu den Bezirksverordnetenversamml‚Ä¶ https://t.co/FKhjuJuF2N"
2022-11-16 08:48:06,"Ich freue mich, dass wir ab Dezember den Eintritt ins Technikmuseum f√ºr alle unter 18 Jahren kostenfrei erm√∂glichen‚Ä¶ https://t.co/mZuRWFL8EO"
2022-11-15 15:24:42,"Schlie√ülich konnte der Bund auch den #HamburgerBahnhof im
Zusammenhang damit dauerhaft zur√ºck in √∂ffentliches Eigen‚Ä¶ https://t.co/Bk49eZyA09"
2022-11-15 15:24:38,"hart, aber fair, und wie wir jetzt sagen k√∂nnen, erfolgreich verhandelt. Gro√üen Dank auch an Peter Raue und die Fre‚Ä¶ https://t.co/D7J3CnzFJY"
2022-11-15 15:24:21,"Dass es anders kam, war ein vierj√§hriger Prozess, an dem anfangs noch sehr wenige beteiligt waren, schlie√ülich aber‚Ä¶ https://t.co/8OveRohgxa"
2022-11-15 15:24:11,"Als einstiges Bahngrundst√ºck vom Bund verkauft, vom Land Berlin mit Baurecht versehen - ein geerbter kulturpolitisc‚Ä¶ https://t.co/RdfX8cJvlL"
2022-11-15 15:24:01,"Vergesellschaftung erfolgreich! üòâüéàüëçüèΩ

Einer der bedeutendsten Kulturorte von #Berlin ist gerettet, ich bin sehr gl√º‚Ä¶ https://t.co/mvH0013Vme"
2022-11-15 10:36:50,"Vielen Dank, lieber Daniel Barenboim. f√ºr Ihre Hingabe f√ºr die Musik ‚Äì und f√ºr Berlin! (4/4)"
2022-11-15 10:36:49,"und f√ºr die Bildung des musikalischen Nachwuchses engagiert hat, n√∂tigt allen Respekt ab. Das von ihm gegr√ºndete We‚Ä¶ https://t.co/FzeHtBppC2"
2022-11-15 10:36:49,und als K√ºnstlerischer Leiter und Generalmusikdirektor der Staatsoper Unter den Linden musikalisch au√üergew√∂hnliche‚Ä¶ https://t.co/tf8XIyLBWe
2022-11-15 10:36:48,"Ich w√ºnsche Daniel #Barenboim alles Gute zum heutigen 80. Geburtstag!
 
Gleichzeitig als Chefdirigent des Chicago S‚Ä¶ https://t.co/4e5d4QqQuR"
2022-11-14 13:14:46,RT @LinksfraktionB: Wir lassen niemanden zur√ºck: Heute beschlie√üen wir im #Agh unser #Entlastungspaket f√ºr Berlin! Wir leisten damit konkre‚Ä¶
2022-11-13 14:02:29,Passend dazu @katjakipping heute Abend bei #AnneWill: https://t.co/qIIXtue8wA
2022-11-13 13:51:46,Das von der Ampel im BuTag beschlossene #B√ºrgergeld ist keine √úberwindung von #HartzIV. N√∂tig sind aus unserer Sich‚Ä¶ https://t.co/fKDW9YtryM
2022-11-13 13:11:04,Und nat√ºrlich beim @DT_Berlin f√ºr die M√∂glichkeit der inzwischen traditionelle Verleihung in den Kammerspielen und‚Ä¶ https://t.co/H6ZkTHL3OT
2022-11-13 13:11:02,"Ich muss mich ebenfalls bedanken bei der engagierten Jury, beim @boev_berlin &amp; f√ºr die tolle Zusammenarbeit seit 5‚Ä¶ https://t.co/ygLk3t9asQ"
2022-11-13 13:11:01,Der 5.@verlagspreis ist verliehen! Herzlichen Gl√ºckwunsch an die Preistr√§ger*innen: der Gro√üe Preis f√ºr‚Ä¶ https://t.co/Y9YtsfxSHB
2022-11-12 20:49:47,"RT @F_Brychcy: Heute war ich zusammen mit @LINKE_SZ&amp; @LinksfraktionB auf der kraftvollen Demo @_umverteilen ‚úäÔ∏è‚ù§Ô∏èüî•, denn der Reichtum in der‚Ä¶"
2022-11-12 16:54:10,"in der alle genug im K√ºhlschrank und W√§rme in ihren Wohnungen haben! Wir brauchen h√∂here L√∂hne, Sozialleistungen un‚Ä¶ https://t.co/sYNy5GCfZB"
2022-11-12 16:53:59,"Demo des B√ºndnisses #Umverteilen! am sonnigen Novembersonnabend: Wir wollen ein Ende dieser Politik, die uns auf de‚Ä¶ https://t.co/hylQmjXcMd"
2022-11-12 16:46:42,RT @dielinkeberlin: #umverteilenjetzt ‚úäüèº https://t.co/lqWOJTI32n
2022-11-12 16:46:30,RT @brunnersandra1: Das Gymnasium am #Europasportpark erh√§lt Unterst√ºtzung f√ºr akute Renovierungsma√ünahmen und eine Finanzierungszusage f√ºr‚Ä¶
2022-11-12 13:16:07,RT @LinksfraktionB: Die rot-gr√ºn-rote Koa in #Berlin weitet seine Hilfen in der #Krise nochmal aus. @SeeroiberJenny und @schatzbln erkl√§ren‚Ä¶
2022-11-11 23:05:36,"die Menschen zu treffen, die dieses Netzwerk ausmachen, ein gelungener Freitagabend! Auf die n√§chsten 125 Jahre‚Ä¶ üòÉ‚Ä¶ https://t.co/tvGs0sb9Pf"
2022-11-11 23:05:35,"eine wirklich beeindruckende Geschichte, und ein Spiegelbild der jeweiligen Verh√§ltnisse. Freundschaften mit K√ºnstl‚Ä¶ https://t.co/mmOm6JDeaa"
2022-11-11 23:05:33,125 Jahre Bildgie√üerei Hermann Noack. Das muss z√ºnftig gefeiert werden. 125 Jahre Berliner Kunstgeschichte - und ke‚Ä¶ https://t.co/jMKeTztubw
2022-11-11 18:39:44,"Entstanden ist eine ‚ÄúFestschrift‚Äù, k√ºnstlerische Widmungen und Essays, die Nele Hertling w√ºrdigt. Es war mir eine F‚Ä¶ https://t.co/3wMuL5T7Uq"
2022-11-11 18:39:43,"‚ÄúIns Offene. Nele Hertling - Neue R√§ume f√ºr die Kunst‚Äù, dieses Buch zum k√ºnstlerischen Schaffen Nele Hertlings, her‚Ä¶ https://t.co/uH7Wb6Zr3A"
2022-11-11 14:55:42,RT @LinkePankow: Vielen Dank Dominique Kr√∂ssin! Aufgrund deines unerm√ºdlichen Einsatzes werden die unm√∂glichen Zust√§nde im Gymnasium am #Eu‚Ä¶
2022-11-11 09:37:52,Der @TspBerlin hat mich gefragt und ich habe geantwortet. üòâüéà https://t.co/ol1yLPUwKV
2022-11-10 09:36:52,Das #KleineGroszMuseum in der Berliner B√ºlowstra√üe befasst sich mit dem Aufenthalt #GeorgeGrosz‚Äô in der Sowjetunion‚Ä¶ https://t.co/6Xoe6fubO4
2022-11-09 20:30:09,"- die Verteidigung des Existenzrechts eines souver√§nen Staates eingeschlossen, der verfolgte oder vor Verfolgung be‚Ä¶ https://t.co/EeJ30Vvvtz"
2022-11-09 20:30:09,der Volksgemeinschaft zu widerstehen und der antisemitischen Weltanschauung mit dem Imperativ des unbedingten Schut‚Ä¶ https://t.co/m2xiY04buP
2022-11-09 20:30:08,"Ich bin dankbar, heute erneut dort sprechen und anschlie√üend an der stillen Demonstration durch den Kiez teilnehmen‚Ä¶ https://t.co/D9yihkbg36"
2022-11-09 20:30:08,"Terror ausgesetzt waren. Das war der Vorbote der Shoa, des Massenmordes an den europ√§ischen Juden.
Die Gemeinde der‚Ä¶ https://t.co/AxLNl8aRCK"
2022-11-09 20:30:07,"Im Scheunenviertel lebten viele j√ºdische Berlinerinnen und Berliner, die nach Entrechtung und Ausgrenzung in der Na‚Ä¶ https://t.co/84OOJ37oRe"
2022-11-09 10:45:56,"dass es ihnen jedes Jahr aufs Neue gelingt, das Erinnern nicht im Ritual erstarren zu lassen, sondern aktuelle Bez√º‚Ä¶ https://t.co/HrgmSRGVR4"
2022-11-09 10:45:56,"und sozialen Ungerechtigkeiten spitzen Konflikte zu, Grund- und Menschenrechte sind unter Druck. Deshalb sind Hoffn‚Ä¶ https://t.co/VovO2RlDRA"
2022-11-09 10:45:55,"friedlichen Verh√§ltnissen, aber wir wissen auch: das Verm√§chtnis von 1989/90 ist heute mehr denn je gef√§hrdet, auto‚Ä¶ https://t.co/UXMQA8gVjz"
2022-11-09 10:45:55,Am 9. November 1989 wurde die Mauer zum Einsturz gebracht. Verbunden mit gro√üer Hoffnung auf den weltweiten Fortsch‚Ä¶ https://t.co/esxLHHs9MU
2022-11-09 07:53:19,"‚ÄûEs ist geschehen, und folglich kann es wieder geschehen.‚Äú 
Primo Levi

#niemalsvergessen https://t.co/Ah8cvQgRPX"
2022-11-07 22:26:40,lange nicht gesehenes Freund*innen - im Anschluss. Das war wirklich ein sehr sch√∂ner Abend! Und danke an Pride art‚Ä¶ https://t.co/3Xsn3hOmz4
2022-11-07 22:26:38,Termin√ºbernahme ‚Äúvon oben‚Äù. Aber aller guten Dinge sind drei - und ich habe mich nicht nur √ºber Jack Woodheads Musi‚Ä¶ https://t.co/unuaqZ70vj
2022-11-07 22:26:36,"Na, das war ja mal eine sehr sch√∂ne √úberraschung! Eingeladen war ich von @nhaerting in seine Kanzlei zu einem Gespr‚Ä¶ https://t.co/DbdFgmwc06"
2022-11-05 09:16:36,Vorher habe ich mich aber noch den Fragen der Kinderreporterin Emily gestellt. üîé Das Interview ist hier zu finden: https://t.co/JYQTwYeNO1
2022-11-05 08:34:29,Auch in diesem Jahr habe ich mich an den gro√üartigen Berliner M√§rchentagen beteiligt. F√ºr die 33. Ausgabe habe ich‚Ä¶ https://t.co/64mxcNGiYu
2022-11-04 16:11:50,"RT @dielinkeberlin: Ab heute startet das ¬ªNetzwerk der W√§rme¬´. Initiiert und organisiert von @katjakipping schafft es R√§ume der Begegnung,‚Ä¶"
2022-11-03 09:44:59,"RT @dielinkeberlin: .@klauslederer ""Wichtig f√ºr alle Menschen,..., ist, dass das Leben in unserer Stadt bezahlbar bleibt. Kunstschaffende s‚Ä¶"
2022-11-02 17:37:16,"RT @dielinkeberlin: #Entlastungspaket f√ºr Berlin: Wir st√§rken die Infrastruktur und lassen niemanden zur√ºck.
üí°H√§rtefallfonds gegen Strom- o‚Ä¶"
2022-11-02 16:04:57,"Im Interview mit dem @BerlAbendblatt erkl√§re ich, warum ich sehr gerne die Schirmherrschaft f√ºr diese Aktion √ºberno‚Ä¶ https://t.co/KQFzUHA1cd"
2022-11-02 16:04:56,Das @BerlAbendblatt &amp; der @BerlinRundfunk bringen Kunst unter die Leute: Die Aktion #KunstF√ºrAlle will vielen Berli‚Ä¶ https://t.co/lnQmzaWBp0
2022-11-02 14:35:32,RT @dielinkeberlin: .@klauslederer zum #Nachtragshaushalt: ¬ªWir werden niemanden h√§ngen lassen. Berlin ist nicht nur die Stadt der Freiheit‚Ä¶
2022-11-02 08:41:52,"Ein gro√ües Dankesch√∂n und Toi, toi, toi an Tim Sandweg und das Team von Schaubude und Festival!
Hier geht es zum Pr‚Ä¶ https://t.co/HWtORRqVip"
2022-11-02 08:41:50,Viele dieser Themen werden in den kommenden Tagen in den verschiedenen Formaten und Auff√ºhrungen k√ºnstlerisch verha‚Ä¶ https://t.co/kpRf5TDZpb
2022-11-02 08:41:48,"F√ºr k√ºnstlerische Schaffensprozesse typisch, hat die Verunsicherung nun auch in der mitteleurop√§ischen Gesellschaft‚Ä¶ https://t.co/59fcTcBDro"
2022-11-02 08:41:46,Das Festival ‚ÄúTheater der Dinge‚Äù f√ºr Figuren- und Objekttheater wird allj√§hrlich von der Schaubude Berlin in der‚Ä¶ https://t.co/8N6no6DV3K
2022-11-01 18:59:44,"dringende Empfehlung, die mit den Preisen verbundenen Ausstellungen der K√ºnstlerinnen ‚ÄúRuth Wolf-Rehfeldt - Wie ein‚Ä¶ https://t.co/beTavSgJ4f"
2022-11-01 18:59:31,Herzlichen Gl√ºckwunsch an Ruth Wolf-Rehfeldt zur Zuerkennung des Hannah-H√∂ch-Preises des Landes Berlin 2022 f√ºr ihr‚Ä¶ https://t.co/RnfRlpdCzc
2022-11-01 15:56:38,RT @LinksfraktionB: Daf√ºr haben wir uns lange eingesetzt: Das #Sozialticket wird in Berlin ab Januar 2023 nur noch 9 Euro kosten! Erstmal b‚Ä¶
2022-11-01 15:56:24,"Ich freue mich schon auf die Er√∂ffnung unseres Arch√§ologischen Hauses am Petriplatz, das mit Sicherheit ein spannen‚Ä¶ https://t.co/ZSFTH2jL3u"
2022-11-01 15:56:22,"In einem 7x3 m gro√üen Holzbauwerk, errichtet um 1400, konnten 48 m¬≥ F√ºllung entnommen, gro√üe Mengen typischen Haush‚Ä¶ https://t.co/w6Uz9GvAL8"
2022-11-01 15:56:20,"Die H√§lfte der Grabung von 20.000 qm an der Wiege Berlins, am Molkenmarkt, sind geschafft! Heute konnte ich mit Lan‚Ä¶ https://t.co/AOjp0RYaKZ"
2022-10-31 09:46:26,Zum Start in die Woche wurde ich mit dieser kleinen Weisheit begr√º√üt. üö©‚òÄÔ∏èüòÉ https://t.co/06BCCk20T7
2022-10-30 10:09:43,herzliche Gl√ºckw√ºnsche zu √ºbermitteln. Und gro√üartige K√ºnstler*innen gestalteten einen kurzweiligen Gala-Abend. Auf‚Ä¶ https://t.co/UKYai5TVeO
2022-10-30 10:09:34,"Renaissance steht dran, Art d√©co ist das Geb√§ude und drinnen ist Vielfalt, von Renaissance bis Zeitgen√∂ssisches. Ge‚Ä¶ https://t.co/Z5UsrXAe04"
2022-10-29 07:19:50,"Das zentrale Thema wird sein, dass niemand in der Stadt zur√ºckgelassen wird. 

Im Interview mit @ndaktuell u.a. √ºbe‚Ä¶ https://t.co/BKx0FAUEZv"
2022-10-28 13:12:35,"Bei der Hilfe f√ºr verfolgte Schriftsteller*innen arbeiten wir l√§ngst zusammen, aber heute habe ich mit @SophSumbu &amp;‚Ä¶ https://t.co/uw9IsUEkQ5"
2022-10-27 19:41:23,"Bei der ber√ºhrenden Ausstellungser√∂ffnung heute traf ich viele liebe Bekannte, unter anderem @F_Brychcy und ich fre‚Ä¶ https://t.co/GlEsUjhldP"
2022-10-27 19:27:58,Das @dznsza in der @pressetopo beleuchtet seit heute mit der dreisprachigen Ausstellung ‚ÄúVergessen und vorbei? Das‚Ä¶ https://t.co/nr3JiMlUEx
2022-10-27 19:27:49,eine w√ºrdige Erinnerung zu verschaffen. Unter dem Strich erfolgreich - und Denkmalbeh√∂rden und Institutionen der Er‚Ä¶ https://t.co/3ZYPXpWv9h
2022-10-27 19:27:39,"In Lichterfelde-S√ºd haben sich die Initiative KZ-Au√üenlager Lichterfelde e.V., das Aktionsb√ºndnis Lichterfelde S√ºd‚Ä¶ https://t.co/YSo5gEV1uz"
2022-10-27 08:27:19,‚ÄúDenkmal Nachkriegsmoderne - wie gut ist Berlin aufgestellt?‚Äù Das war ein anregendes &amp; motivierendes Abschlussplenu‚Ä¶ https://t.co/HLxVacZ1Kf
2022-10-26 16:13:47,"Und ich bin froh √ºber die Bekanntschaft dieser wunderbaren Menschen! Sie haben gezeigt, dass Haltung und Einsatz ke‚Ä¶ https://t.co/G3mRPsTKlV"
2022-10-26 16:13:44,"Heute wurde der 10. Geburtstag des F√∂rdervereins gefeiert! Ich bin gl√ºcklich, dass ich zur Festrede zum Geburtstags‚Ä¶ https://t.co/pyU7wQqHNS"
2022-10-26 16:13:42,"Ich habe damals gemeinsam mit @ElkeBreitenbach und @wenkexin Zeit dort vollbracht, um die engagierten Besetzer*inne‚Ä¶ https://t.co/5YKjiLNHcr"
2022-10-26 16:13:40,112 Tage hatten Senior*innen um die leider inzwischen verstorbene Doris Syrbe im Jahr 2012 ‚Äûihre‚Äú Seniorenbegegnung‚Ä¶ https://t.co/Ht9UX64bSc
2022-10-26 11:59:48,".@katjakipping, #LenaKreck und ich arbeiten jeden Tag daran, die Folgen der multiplen Krise f√ºr die Menschen, die d‚Ä¶ https://t.co/TZtlPBSaoy"
2022-10-26 11:57:27,"RT @katjakipping: Freue mich sehr, dass gestern im Senat die Vorschl√§ge, wie #NetzwerkderW√§rme materiell unterf√ºttert wird und wie #H√§rtefa‚Ä¶"
2022-10-25 21:24:22,"Vielen Dank f√ºr die Unterst√ºtzung an die @AdK_Berlin, die @rosaluxstiftung und die @HellePanke - Rosa-Luxemburg-Sti‚Ä¶ https://t.co/idxTP3Xups"
2022-10-25 21:24:22,"Was f√ºr ein sch√∂ner Abend mit vielen Menschen im Saal, denen das baukulturelle Erbe Berlins am Herzen liegt und die‚Ä¶ https://t.co/CiBuSjVOVC"
2022-10-25 21:24:20,"unserem Berliner Antrag f√ºr die Tentativliste zum UNESCO-Weltkulturerbe.

Das Kino International, 1963 er√∂ffnet, en‚Ä¶ https://t.co/OshCLzAIJr"
2022-10-25 21:24:18,OST - WEST - OST: Karl-Marx-Allee und Interbau 1957. Architektur und St√§dtebau der Berliner Nachkriegsmoderne. Unte‚Ä¶ https://t.co/udyYcnZz0E
2022-10-25 08:21:59,Kann das Beschmieren und Besch√§digen von Kunstwerken das Verst√§ndnis f√ºr die Dringlichkeit des Handelns gegen die K‚Ä¶ https://t.co/ymtrfQQtn5
2022-10-24 21:38:23,"Danke, Zilli, f√ºr deine Kraft und deine Stimme. 5/5

#akeDikhea #neverforget #niewieder https://t.co/slaDjJvPav"
2022-10-24 21:38:22,"Zilli war eine unglaublich warmherzige, beeindruckende Frau, die zu kennen eine Freude war. Ihre St√§rke sollte uns‚Ä¶ https://t.co/J6HbcymTNJ"
2022-10-24 21:38:21,"Ich bin dankbar f√ºr dieses Engagement bei der Erinnerung, das uns die Schicksale dieser Menschen auf ber√ºhrende Wei‚Ä¶ https://t.co/2T2IHTimKo"
2022-10-24 21:38:18,Wir sahen 9 beeindruckende filmische Erz√§hlungen von Biografien von den Nazis verfolgter oder ermordeter Sinti und‚Ä¶ https://t.co/WPO0IKbH3B
2022-10-24 21:38:16,‚ÄúMenschen k√∂nnen zweimal sterben.‚Äù Bereits zum 6. Mal durfte ich heute als Schirmherr dabei sein bei der Er√∂ffnung‚Ä¶ https://t.co/N7yceGSD8b
2022-10-22 16:44:27,"Freiheit ist nicht westlich, nicht √∂stlich, sondern universell. In Solidarit√§t mit den emanzipatorischen Protesten‚Ä¶ https://t.co/R5Q7aGz5Km"
2022-10-22 13:38:03,RT @UlrichSchneider: Auf den Punkt! #solidarischerHerbst
2022-10-22 12:43:49,"Damit wir durch die aktuellen Krisen kommen, m√ºssen Menschen mit kleinen &amp; mittleren Einkommen viel st√§rker entlast‚Ä¶ https://t.co/gNZ8TkNv9r"
2022-10-22 12:43:47,"#SolidarischerHerbst: 
Tausende heute auf der Stra√üe in Berlin und anderen St√§dten - solidarisch an der Seite der U‚Ä¶ https://t.co/fMIHqBeVJ7"
2022-10-22 12:24:19,RT @dielinkeberlin: Wow. Tausende Menschen bei der Gro√üdemonstration #solidarischerherbst. Darunter √ºber 500 Mitglieder und Freund*innen vo‚Ä¶
2022-10-22 10:31:30,"#SolidarischerHerbst - Kundgebung und Demo in #Berlin geht jetzt los am Invalidenpark! ‚ò∫Ô∏èüö©‚úä
@UlrichSchneider‚Ä¶ https://t.co/XNQ1TsAFZJ"
2022-10-21 21:48:30,"und innovative, neue Ideen. Daf√ºr ein dickes Dankesch√∂n und einen herzlichen Gl√ºckwunsch an die ganzen Engagierten‚Ä¶ https://t.co/6tEqw9ddxQ"
2022-10-21 21:48:28,"Berlin ist ein Ort der freien performativen und darstellenden K√ºnste, auf den vielerorts geschaut wird. Das hat auc‚Ä¶ https://t.co/yTrTXYgEsj"
2022-10-21 21:48:26,"Zwei auf eins: 10 Jahre Branchentreff der freien darstellenden K√ºnste - Performing Arts Programm des #LAFT #Berlin,‚Ä¶ https://t.co/6IPz7BCBz4"
2022-10-21 11:14:46,Morgen! ‚ò∫Ô∏è https://t.co/1AzJ01bRap
2022-10-19 20:52:08,RT @dielinkeberlin: . @Katina_Schubert @klauslederer @SeeroiberJenny @schatzbln begr√º√üen das: ‚ÄûDamit w√ºrde ein wichtiges Ziel der rot-gr√ºn-‚Ä¶
2022-10-19 20:51:47,"RT @LinksfraktionB: Samstag auf die Stra√üe f√ºr soziale Sicherheit, Entlastungen f√ºr Menschen mit wenig Geld und eine schnellere Energiewend‚Ä¶"
2022-10-19 08:43:26,"Wir sehen uns am Sonnabend!? Das B√ºndnis #SolidarischerHerbst ruft auf zu mehreren Demonstrationen hierzulande, dar‚Ä¶ https://t.co/9aDR9rqEjv"
2022-10-19 07:55:19,RT @TeamPetraPau: Heute auf dem Alice-Salomon-Platz in #Hellersdorf #mahe mit @klauslederer #wirsindlaut #Energiekosten #Solidarisch wir si‚Ä¶
2022-10-19 07:54:14,RT @regina_kittler: Wir waren heute in Hellersdorf auf der Stra√üe und haben f√ºr einen #solidarischenHerbst geworben! Lasst uns am kommenden‚Ä¶
2022-10-17 18:36:05,"Margritte, Mir√≥, Dali, Delvaux, Pollock bis Rothko, Kahlo und Riviera - als Kern der Sammlung, die nach dem Wunsch‚Ä¶ https://t.co/o9hq0aKrfz"
2022-10-17 18:36:04,"Die Sammlung #Pietzsch mit 150 bedeutenden Gem√§lden, Zeichnungen und Skulpturen hat das Sammlerehepaar Ulla und Hei‚Ä¶ https://t.co/YkHno0YcHa"
2022-10-17 16:05:28,"F√ºr den Workshop am 4. November gibt es noch freie Pl√§tze. Mehr Infos unter 
¬†https://t.co/JJ5Vw7uBEe"
2022-10-17 16:05:27,"Heute habe ich mich mit @yosapeit  und dem Team von @acudmachtneu √ºber das gro√üartige Projekt ""Error Music"" f√ºr M√§d‚Ä¶ https://t.co/QStwr6k58Y"
2022-10-16 08:05:22,RT @k_ronneburg: Beim Graffiti-Jam in #Hellersdorf noch ein bisschen Werbung f√ºr die Kundgebung der @DIE_LINKE_MaHe am Dienstag mit @klausl‚Ä¶
2022-10-15 12:11:38,"RT @LinkePankow: Unser Kultursenator @klauslederer:
Wir sehen im Bund - die @fdp ist ein Riesenproblem. Wir d√ºrfen nicht zulassen, dass sie‚Ä¶"
2022-10-15 12:08:56,"RT @katjakipping: ‚Äû49 Euro pro Monat im Abo sind f√ºr Menschen mit besonders kleinen Renten, kleinen Einkommen und in Sozialleistungen schwe‚Ä¶"
2022-10-15 08:43:46,"Der Sonnabend geh√∂rt (auch) der Partei. N√§mlich meinem Bezirksverband @LinkePankow. Hauptversammlung, und quasi pot‚Ä¶ https://t.co/M7MA8Frgvl"
2022-10-15 08:38:06,"RT @AlexJahns: Sozialsenatorin @katjakipping auf der Hauptversammlung von @LinkePankow: ""Die Berliner Linke kann wieder zulegen, mit @klaus‚Ä¶"
2022-10-14 21:15:31,RT @brunnersandra1: Mit @katjakipping und @ElkeBreitenbach zu Besuch beim Tag der offenen T√ºr bei @HousingFirstB. Ein Projekt mit Strahlwir‚Ä¶
2022-10-14 10:55:58,"RT @SenIAS_Berlin: Sozialsenatorin @katjakipping und Justizsenatorin Dr. Lena Kreck bitten die Berliner Gerichte, Zwangsr√§umungen auszusetz‚Ä¶"
2022-10-14 07:59:30,"RT @katjakipping: Und falls es zu einer Wiederholungswahl kommen sollte, hat @dielinkeberlin mit @klauslederer einen tollen Spitzenkandidat‚Ä¶"
2022-10-13 19:23:32,Dabei haben wir doch noch gar nicht richtig angefangen‚Ä¶ üòâüéàüòò #LINKE #Berlin @dielinkeberlin https://t.co/EsMl4Ow3LG
2022-10-13 18:10:39,"Stadt zu sehen, mit Seiten aus den Originalmanuskripten seiner bedeutendsten, in Berlin entstandenen Werke. Ein Bes‚Ä¶ https://t.co/zxe7ebK4xR"
2022-10-13 18:10:35,"Oktober 1918 bis zum Mai 1921 in #Berlin. Seine Vorstellung eines sozialistischen Europas verwirklichte sich nicht,‚Ä¶ https://t.co/TgMt9oMOWy"
2022-10-13 18:10:31,Absolute Besuchsempfehlung f√ºr die Ausstellung ‚ÄúBOEM! Paul van Ostaijen in Berlin‚Äù im Ephraim-Palais des‚Ä¶ https://t.co/IOsx3yizfD
2022-10-13 15:34:19,zu den mehr als 2.800 Ermordeten &amp; Informationen zur Geschichte der Gedenkst√§tte selbst. All das in beispielgebende‚Ä¶ https://t.co/uZg6pZV4UU
2022-10-13 15:34:17,Heute haben wir in der Gedenkst√§tte Deutscher Widerstand dessen gedacht und die digitale Erinnerung anhand dreier n‚Ä¶ https://t.co/J1EjtlJxgW
2022-10-13 15:34:15,"Vor 70 Jahren, im September 1952, wurde die Gedenkst√§tte #Pl√∂tzensee, an der St√§tte der Hinrichtung unz√§hliger Opfe‚Ä¶ https://t.co/GfV8oKVMuQ"
2022-10-12 08:34:09,"RT @SenKultEu: Die freien Berliner Kulturschaffenden brauchen R√§ume.  Wie diese bestehenden und k√ºnftigen R√§ume aussehen, soll sich nach de‚Ä¶"
2022-10-11 21:06:48,"Es ist immer wieder ein Ereignis, das mich sehr ber√ºhrt. Und das Team der Stiftung ist einfach klasse! 4/4"
2022-10-11 21:06:47,Das andere pr√§mierte Projekt in diesem Jahr war die F√∂rderung des Holocaust-Gedenkens auf TikTok. Beides zeigt exem‚Ä¶ https://t.co/EyTu97umfx
2022-10-11 21:06:43,"Das Deutsch-Israelisches Zukunftsforum (DIZF) verleiht diesen Preis j√§hrlich an Projekte von jungen Menschen, die s‚Ä¶ https://t.co/JnJJgoo9Ep"
2022-10-11 21:06:39,"Heute Abend hatte ich wieder einmal die gro√üe Ehre, f√ºr das Land Berlin ein Gru√üwort bei der Verleihung des Shimon-‚Ä¶ https://t.co/iRH9uDmeEQ"
2022-10-11 20:59:17,"RT @DIE_LINKE_MaHe: Wir setzen unsere Tour in #MaHe zum ""Hei√üen Herbst"" fort. Am 18.10. d√ºrfen wir @klauslederer ab 17 Uhr auf unserer Kund‚Ä¶"
2022-10-11 20:58:23,RT @SenIAS_Berlin: #HousingFirst geh√∂rt nun zum festen Inventar beim Kampf gegen Wohnungslosigkeit. Daf√ºr gibt‚Äòs doppelt soviel Geld &amp; es w‚Ä¶
2022-10-09 20:19:49,"Im @gorkitheater Premiere der Inszenierung von Oliver Frljiƒá: Bertolt Brechts ‚ÄúMutter Courage und ihre Kinder‚Äù, und‚Ä¶ https://t.co/uyQmGUcgVe"
2022-10-09 13:46:10,"RT @LinksfraktionB: .@k_ronneburg fragt Senat zur Preissenkung beim Sozialticket; @SenUMVKBerlin best√§tigt, dass Absenkung von Januar - M√§r‚Ä¶"
2022-10-08 20:41:10,"Ich bin  froh, dass wir sie heute gemeinsam mit Beate und Serge Klarsfeld, dem franz√∂sischen Botschafter, Herrn Del‚Ä¶ https://t.co/5Zzd6Zs20c"
2022-10-08 20:41:08,‚ÄúBeate und Serge Klarsfeld. Der Kampf gegen das Vergessen.‚Äù Diese Ausstellung des M√©morial de la Shoah ist von heut‚Ä¶ https://t.co/j6jDgyyPYr
2022-10-08 14:59:16,Berlin bleibt bunt. üéàüåà https://t.co/kw4iRzjskq
2022-10-07 14:07:11,"Sie ruft Berlinerinnen und Berliner sowie Berlins Unternehmen dazu auf, f√ºr die Menschen in der Ukraine zu spenden,‚Ä¶ https://t.co/4MlBZVTdxe"
2022-10-07 14:07:10,"Wir Berlinerinnen und Berliner stehen zusammen mit den Menschen in der Ukraine, gegen Putins sch√§ndlichen Krieg, f√º‚Ä¶ https://t.co/Oe5ysz4CAa"
2022-10-07 09:41:56,"Ich bin sehr ber√ºhrt, dass die Familie Greenwald, Nachfahren von Berta Blau, aus den USA gekommen sind und zu uns g‚Ä¶ https://t.co/NKoEBAGZpT"
2022-10-07 09:41:53,"Stolpersteine sind Steine des Ansto√ües, Ausdruck der so wichtigen Gedenkkultur ‚Äúvon unten‚Äù, ohne die es so viel Wis‚Ä¶ https://t.co/9RINURKQld"
2022-10-07 09:41:50,"Stolpersteine in Erinnerung an Bertha Blau, Marie Blau, Betty Lewinski, Frieda Behrendsohn, Albert Buchsbaum, Emili‚Ä¶ https://t.co/3pGmUvwGo7"
2022-10-07 09:37:29,"RT @Holger_Michel: Soeben haben wir die Spendenkampagne Berlin.Zug.Ukraine pr√§sentiert. 
Was und wo ihr ab sofort spenden k√∂nnt? üëáüëáüëá
Berlin‚Ä¶"
2022-10-06 16:51:01,Die @berlinerzeitung hat mein Nachwort f√ºr den tollen Band ‚Äû#BreakingFree - Die wunderbare Welt des LGBTQ-Musicals‚Äú‚Ä¶ https://t.co/9PI8st7Qb6
2022-10-05 17:33:46,Die feministischen &amp; emanzipatorischen Proteste im Iran halten weiterhin an. Frauen und queere Menschen demonstrier‚Ä¶ https://t.co/Ggfs2pGPRi
2022-10-05 12:46:04,"Noch vor drei Tagen sprachen wir miteinander. Ich bin sehr traurig, dass #WolfgangKohlhaase, der Tr√§ger des Berline‚Ä¶ https://t.co/bxA7ncPYUy"
2022-10-05 06:08:40,RT @kulturBdigital: Gute Nachrichten: @SenKultEU hat das F√∂rderprogramm zur digitalen Entwicklung f√ºr 2023 ausgeschrieben. Antr√§ge k√∂nnen b‚Ä¶
2022-10-03 16:45:39,"Berliner Clubkultur‚Äú: Wir haben COVID geschafft, wir sind diverser und interdisziplin√§rer geworden - und wir schaff‚Ä¶ https://t.co/7xvxEEzxH8"
2022-10-03 16:45:36,"Im SchwuZ zum diesj√§hrigen Tag der Clubkultur das Panel mit dem Kuratorium, das die 40 Preise vergeben hat (Christi‚Ä¶ https://t.co/P6MF048dOk"
2022-10-03 15:10:53,"Einer der diesj√§hrigen Preistr√§ger des Tag der Clubkultur, und zwar zum dritten Mal, ist @RefugeWorldwide. Ein wund‚Ä¶ https://t.co/aVQlmBJSzf"
2022-10-03 12:18:47,"in #Berlin zu organisieren hinbekommen haben. Clubs sind sehr viel mehr als Rave‚Ä¶

#clubbing #clubcommission‚Ä¶ https://t.co/xWaW0D99nL"
2022-10-03 12:18:46,"Der Tag der Clubkultur ist 2022 eigentlich eine Woche der Clubkultur. In der Pandemie erfunden, geht er in die drit‚Ä¶ https://t.co/JiMUvQBeZI"
2022-10-01 15:59:04,"Mistwetter? ‚òîÔ∏èüåß 
Macht gar nichts, denn morgen ist wieder #Museumssonntag in #Berlin:
Jeden ersten Sonntag im Monat‚Ä¶ https://t.co/EHMwJzdqdz"
2022-10-01 11:14:05,"Sharon Dodua Otoo, Lela L√§hnemann, Jutta Seidel und Barrie Kosky hervorheben. Herzliche Gl√ºckw√ºnsche und gro√üen Dan‚Ä¶ https://t.co/bWUesMlOHN"
2022-10-01 11:14:03,Am j√§hrlichen Verfassungstag verleiht der Senat den Verdienstorden des Landes Berlin an engagierte Berliner*innen.‚Ä¶ https://t.co/3zyfjc0PEN
2022-09-30 21:48:00,"K√ºnstler*innen, die sich daran beteiligt und, wenn auch nachvollziehbar kontrovers, auf diesen Weg eingelassen habe‚Ä¶ https://t.co/O0S3XCmL0z"
2022-09-30 21:48:00,"historischen zu bewahren, andererseits seine Geschichte zu erz√§hlen, mit Bezug zu heute. Das war ein Coup! 
 
Danke‚Ä¶ https://t.co/uzpfRM5kvj"
2022-09-30 21:47:57,"Freiheit tats√§chlich sp√ºrbar gab, und die eigene Bude bezahlbar war. Aber auch Grenzregime, Mauer, Stacheldraht, de‚Ä¶ https://t.co/sl9Na0xEic"
2022-09-30 21:47:55,"Die East-Side-Gallery ist einer der ambivalentesten Orte Berlins f√ºr mich. 

Da war mal die Welt zu Ende, dann pl√∂t‚Ä¶ https://t.co/FewxDdGBjZ"
2022-09-30 13:09:21,"‚ÄûEgal, wann das Gericht entscheidet: Wir sind es den Berlinerinnen und Berlinern schuldig, jeden Tag, den wir im Am‚Ä¶ https://t.co/KigfR9d2RH"
2022-09-30 12:48:33,"Wunderbar, dass ich ihn erstmals nicht nur von au√üen erleben durfte.

Zum Programm der #TriennaleDerModerne:

https://t.co/gbtecHsTCY"
2022-09-30 12:48:32,"gesellschaftliche, gesundheitliche und √∂kologische Fragen der Gegenwart genutzt werden?

Heute war der Auftakt im G‚Ä¶ https://t.co/7Coxn2mWj2"
2022-09-30 12:48:25,"‚ÄûWohnen.Arbeiten.Leben‚Äú ist das Motto der @TdModerne 2022 in den Bauhausst√§dten Berlin, Dessau und Weimar im Oktobe‚Ä¶ https://t.co/d1Am7PJjrM"
2022-09-30 11:33:29,"dickes Dankesch√∂n an alle, die mithelfen, dass er schnell benutzbar ist. Ostern werden wir darin schon Eier suchen‚Ä¶ https://t.co/XzS4x3jUv9"
2022-09-30 11:33:26,"#Bibliotheken sind Kommunikations- und Begegnungsr√§ume, ‚Äû#dritteOrte‚Äú, wie es so sch√∂n hei√üt. Heute haben wir‚Ä¶ https://t.co/BzdMHvE8UD"
2022-09-29 15:04:15,"Die Frauenhausbewegung hat wesentlich dazu beigetragen, dass die Ausma√üe des Geschehens sichtbar geworden sind. Die‚Ä¶ https://t.co/W1HC4lmBM9"
2022-09-29 15:04:13,Die von der #Frauenhausbewegung angesto√üenen Debatten haben juristisch viel bewegt. Trotzdem erleben immer noch 40‚Ä¶ https://t.co/6T2WxAIOhh
2022-09-29 15:04:13,"Heute gibt es ca. 400 Frauenh√§user in Deutschland, die Frauen Schutz vor h√§uslicher Gewalt gew√§hren. Das erste ents‚Ä¶ https://t.co/8I1b7ab5bN"
2022-09-29 15:04:12,Mit einer #Gedenktafel erinnern wir seit heute an die Gr√ºndung des Ersten Frauenhauses in Deutschland 1976 &amp; w√ºrdig‚Ä¶ https://t.co/QmD6CVkBFA
2022-09-29 12:57:19,"Warum das grober Unfug ist, schreiben @jsuedekum und @michael_huether im @handelsblatt.
 Und die L√§nder stellt das‚Ä¶ https://t.co/TtaOzG7CSL"
2022-09-29 07:48:00,"Zu wenig den Kopf frei, um die Sch√∂nheit des #BauhausDessau wirklich intensiv zu empfinden, aber das l√§sst sich ja‚Ä¶ https://t.co/bIuJmHxkYs"
2022-09-29 07:47:59,"Und wenn es tats√§chlich zu Wiederholungswahlen kommen sollte: das wird unser Thema sein.
Die #sozialeFrage in Zeite‚Ä¶ https://t.co/9KlTv1QDKf"
2022-09-29 07:47:58,"Da scheint nun endlich einiges in Bewegung zu kommen, was wir als @dielinkeberlin gemeinsam mit unseren Genoss*inne‚Ä¶ https://t.co/Ddnn36SSpN"
2022-09-29 07:47:58,"Der Fortgang des B√ºrgerdialogs zur #Zukunft der #Europ√§ischeUnion, Erweiterungsdiskussionen (nicht nur) mit Blick a‚Ä¶ https://t.co/HTvkbDaTg2"
2022-09-29 07:47:57,Gestern (und heute geht es weiter) in #Dessau bei der #Europaministerkonferenz habe ich nicht nur die Informationen‚Ä¶ https://t.co/ANLhEFz1bO
2022-09-29 07:34:26,"RT @linksrheinisch: So geht #links. Danke ‚Å¶@bodoramelow‚Å©, ‚Å¶@klauslederer‚Å©, ‚Å¶@KristinaVogt_HB‚Å© üëáüö© https://t.co/Un8cx6518f"
2022-09-28 08:26:08,"RT @dielinkeberlin: .@klauslederer "" Unser Anspruch ist es, #niemandenzur√ºckzulassen. Das gelingt aber nur, wenn auch der Bund weitere Anst‚Ä¶"
2022-09-28 07:37:54,"Weil #Energiesicherheit f√ºr alle Menschen und #Klimaschutz einander nicht ausschlie√üen d√ºrfen:
Mit‚Ä¶ https://t.co/1jBY1bHRmK"
2022-09-25 19:12:53,"‚ÄûWarum reden, sich erheben: Gemeinsame #Poesie‚Äú hie√ü es heute im #HausF√ºrPoesie - zum herzlichen Willkommen f√ºr‚Ä¶ https://t.co/aHPpyoh3mm"
2022-09-25 16:12:29,Das j√ºdische Neujahrsfest #RoschHaschana beginnt heute Abend - und mit ihm morgen das j√ºdische Jahr 5783. Friedlich‚Ä¶ https://t.co/Aj1z8Iv0jr
2022-09-24 18:21:30,‚Äû@dielinkeberlin fordert von der Bundesregierung mehr Tempo bei der #Entlastung der Menschen von den stark gestiege‚Ä¶ https://t.co/jiQkXo4pSO
2022-09-24 10:57:26,"Und darum zu k√§mpfen ist unsere linke Aufgabe: Dass diejenigen die Lasten schultern, die es k√∂nnen, ohne dass wir d‚Ä¶ https://t.co/Wd6nRMIG9r"
2022-09-24 10:57:24,"‚Ä¶und deswegen ist mein Engagement f√ºr #KulturF√ºrAlle, f√ºr einen kostenfreien #Museumssonntag jeden Monat auch ein K‚Ä¶ https://t.co/8yZQeBjXxX"
2022-09-24 10:57:21,"Ein Beispiel daf√ºr, was wir hier in #Berlin tun k√∂nnen, aus meinem Ressort: Kulturpolitik und #Kultur, eine freie K‚Ä¶ https://t.co/JHAV10fj8S"
2022-09-24 10:57:19,Voraussetzung f√ºr #Frieden ist ein R√ºckzug der russ. Truppen &amp; die Wiederherstellung der territorialen Integrit√§t &amp;‚Ä¶ https://t.co/jcOmsfD5Ul
2022-09-24 10:11:43,"RT @Tobias_Schulze: .@klauslederer: ""Wer wie die üö¶im kommenden Jahr die schwarze Null erreichen will, ist f√ºr eine vorausschauende Krisen-P‚Ä¶"
2022-09-24 10:11:29,RT @dielinkeberlin: Unser Senator f√ºr Kultur und Europa @klauslederer redet √ºber die dr√§ngenden Themen der Zeit und wie wir als LINKE die A‚Ä¶
2022-09-23 19:40:11,"Er√∂ffnung des #K√§tzeKollwitzMuseum  im Theaterbau des Schloss Charlottenburg: Mit den neuen, barrierefreien und gr√∂‚Ä¶ https://t.co/ILif3kPDpC"
2022-09-23 14:33:12,"Bei der #CodingdaVinci-Abschlusskonferenz war heute erneut zu erleben, wie digitale Entwicklung &amp; breite Teilhabe a‚Ä¶ https://t.co/xxM6BCc1Eh"
2022-09-21 15:40:38,"Bei der @kulturBdigital-Jahreskonferenz ‚Äú#LevelUpKultur!‚Äù, organisiert von der @TSBBerlin im Auftrag der @SenKultEu‚Ä¶ https://t.co/l1xCEC7T2C"
2022-09-21 15:39:00,"RT @kulturBdigital: Wissenstransfer, Gewinnung von qualifizierten Mitarbeiter:innen &amp; Finanzierung im Kulturbetrieb - dar√ºber diskutieren K‚Ä¶"
2022-09-20 13:53:47,"um den Mut zu unterst√ºtzen, um weiterzumachen‚Ä¶

@RHG_eV Stiftung Denkmal f√ºr die ermordeten Juden Europas Europejsk‚Ä¶ https://t.co/SUIUt30PvL"
2022-09-20 13:53:47,ein seinerzeit auch f√ºr mich ersch√ºtterndes Ereignis - Stadtpr√§sident war. Sein Tod war nicht zuletzt eine Folge er‚Ä¶ https://t.co/atefhRncFe
2022-09-20 13:53:46,genommen hat. Die polnisch-deutschen Beziehungen waren dabei genauso Thema wie die Erinnerungskultur und die aktuel‚Ä¶ https://t.co/zcd8ZeUZlA
2022-09-20 13:53:44,"Gda≈Ñsk ist eine weltoffene Stadt, die sich den Menschenrechten und der Gleichheit aller, auch der Verteidigung von‚Ä¶ https://t.co/YhbTBPvYxF"
2022-09-19 22:05:45,"Danke f√ºr die anderen Perspektiven, danke f√ºr den solidarischen Austausch! üòâüéàüëçüèΩ https://t.co/QduvngBruw"
2022-09-19 22:05:42,"anders denken als die derzeit herrschende Politik. Von der Architektur des Baus mal ganz abgesehen, die mich sehr b‚Ä¶ https://t.co/70PnNvtCrN"
2022-09-19 22:05:40,"Es ist wirklich beeindruckend, wie das Team des Europejskie Centrum Solidarno≈õci in #Gdansk die Geschichte der frie‚Ä¶ https://t.co/5AMsdPxKHU"
2022-09-19 13:18:28,"Da aber der Unterhalt unserer Parks teurer und aufwendiger wird, m√ºssen alle Partner*innen ihren Beitrag leisten. W‚Ä¶ https://t.co/wgmQ9J5ddf"
2022-09-19 13:18:27,"Dass wir die Eintrittsfreiheit im Park #Sanssouci ‚Äì und damit den Zugang f√ºr alle ‚Äì sichern, ist f√ºr mich eine Selbstverst√§ndlichkeit. 1/2"
2022-09-17 11:33:58,"RT @schirdewan: Die serbische Regierung scheint nun doch einzulenken, sodass die zuvor von der Polizei verbotene @EuroPride @belgradepride‚Ä¶"
2022-09-16 13:09:25,RT @clara_herrmann: Ein spannender und anregender Austausch mit @klauslederer und den Kolleg*innen Bezirksb√ºrgermeister*innen zu Europa #be‚Ä¶
2022-09-14 21:47:56,"die Neue Nationalgalerie, for Contemporary Art und SAVVY Contemporary besucht, um an den Uferhallen Berlin Wedding‚Ä¶ https://t.co/N9vYfbL42I"
2022-09-14 21:47:51,"Die @BerlinArtWeek beginnt heute und endet am 18. September. Ein wirklich tolles Fest der K√ºnste in #Berlin, gef√∂rd‚Ä¶ https://t.co/kC7J9ouAm7"
2022-09-14 15:31:18,"RT @kulturBdigital: Neue Arten des Arbeitens: Welche R√§ume helfen beim Ausprobieren, Andersdenken oder Umsetzen? Diskussion mit Kirsten See‚Ä¶"
2022-09-13 15:14:12,‚ÄûSchreibe nichts Triviales‚Äú hat mit Werken von ‚ÄûJakob der L√ºgner‚Äú bis ‚ÄûLiebling Kreuzberg‚Äú seine Spuren hinterlasse‚Ä¶ https://t.co/6BOoqFeYEK
2022-09-13 15:14:12,"Dem Drehbuchautor und Schriftsteller Jurek Becker, Grenzg√§nger in vielen Belangen, widmet Berlin seit heute in der‚Ä¶ https://t.co/72nD4RIF0k"
2022-09-12 19:51:18,@Eva0112 @StefGeb @LinksfraktionSt Gern und danke f√ºr die Einladung! üòâ
2022-09-12 19:51:05,"RT @Eva0112: Guter und wichtiger Austausch mit der #Clubszene + #Kulturszene von #SachsenAnhalt.
Die Auswirkungen von #Inflation und #Energ‚Ä¶"
2022-09-12 19:50:51,"Danke, liebe @LinksfraktionSt, dass ihr die Situation der #Clubkultur auch abseits der Metropolen im Blick &amp; zu die‚Ä¶ https://t.co/l0tL4bs4KD"
2022-09-12 17:24:22,RT @SenKultEu: From Berlin With Love ‚ù§Ô∏è Das @Staatsballett_B tanzt wieder auf der Spree! Die Schiffstour f√ºhrt durch viele Berliner Bezirke‚Ä¶
2022-09-12 17:24:05,"Heute @Staatsballett_B auf der Spree. Grandioses Ereignis, mit regelrechten Wanderungen des Publikums. Auf schwanke‚Ä¶ https://t.co/O7AIDAUSCo"
2022-09-12 11:23:03,RT @SenKultEu: Ab sofort k√∂nnen sich K√ºnstler*innen und Musiker*innen  f√ºr ein Auslands-#Stipendium bei uns bewerben. Hierf√ºr stellen die a‚Ä¶
2022-09-11 08:12:08,RT @SenKultEu: Handwerkstechniken erhalten das baukulturelle Erbe ‚Äì ihre Weitergabe ist essentiell. Staatssekret√§r Gerry Woop begr√º√üte soeb‚Ä¶
2022-09-11 08:11:14,"Er√∂ffnung der 35. J√ºdischen Kulturtage in der Synagoge Rykestra√üe mit dem Botschafter des Staates Israel,‚Ä¶ https://t.co/kQ7kTzQ0nr"
2022-09-10 14:17:02,"RT @SenKultEu: ‚ÄûViele haben die leidvolle Erfahrung machen m√ºssen, dass in Zeiten klammer Kassen bei der Kultur zuerst gespart wird. In Ber‚Ä¶"
2022-09-10 14:16:28,"RT @BerlingegenNazi: Aktuell l√§uft ein Talk mit Wolfgang Thierse, @klauslederer, einer Pfafferin der Gethsemanekirche und der @gethsemane_k‚Ä¶"
2022-09-10 13:14:19,"die Vereinnahmung der 1989er Revolution durch sogenannte Querdenken-Proteste. Klasse Stimmung, geht mal vorbei! üòâüéàüéâ https://t.co/0a9x9K1LxI"
2022-09-10 13:14:17,"Nachbarschaftsfest ‚ÄùZusammen im Kiez‚Äù - f√ºr Solidarit√§t, Zusammenhalt und Demokratie. Ehrenamtlich organisiert von‚Ä¶ https://t.co/6YVcd2ZvRL"
2022-09-09 14:29:30,"RT @MFratzscher: Der (deutsche) Staat ist einer der gro√üen Gewinner der Inflation. Die #Schuldenquote sinkt. Das Problem ist nicht, dass de‚Ä¶"
2022-09-08 06:44:27,RT @gethsemane_kiez: Unser Kiezfest hat ein Anliegen: Wir wollen den Gemeinsinn und unsere Demokratie st√§rken. Dar√ºber reden wir u.a. mit B‚Ä¶
2022-09-07 21:02:33,"zum S√ºden als Herrschaftssystem der Ungerechtigkeit charakterisiert und den Kolonialismus als nicht nur gestriges,‚Ä¶ https://t.co/gYQZ9wNt8Y"
2022-09-07 21:02:33,"Das @ilb_festival geht in die 22. Runde. Ich durfte bei der Er√∂ffnung gr√º√üen, und das gro√üartige Engagement des Tea‚Ä¶ https://t.co/NQnLMMiNvk"
2022-09-06 19:11:30,RT @SenKultEu: Soeben verlieh Kultursenator @klauslederer im Roten Rathaus den Moses-Mendelssohn-Preis des Landes Berlin an Prof. Jan Phili‚Ä¶
2022-09-05 14:02:22,hin zur Gemeinschafts- und Europaschule zu informieren. Und jede Menge Kunst zu sehen! Vielen Dank f√ºr die Einladun‚Ä¶ https://t.co/es35qn3OLT
2022-09-05 14:02:21,"Johanna Eck ist Gerechte unter den V√∂lkern, sie hat j√ºdische Berliner*innen vor den m√∂rderischen Nazis versteckt. H‚Ä¶ https://t.co/7Dxq8atq92"
2022-09-03 21:10:21,"Wie viel Modernes im #Barock und wie viel Barock im Modernen stecken kann, hat #SimoneKermes mit den‚Ä¶ https://t.co/Q5Jq7H9fyX"
2022-09-03 17:20:45,"#MatthiasKoeppel zum 85. Geburtstag: Maler, Dichter, Hochschullehrer, seit heute Ehrenmitglied des @werkbund Berlin‚Ä¶ https://t.co/RboMnz1sMt"
2022-09-03 15:34:37,F√ºr das Sommerfest der #Ostkreuz|schule f√ºr #Fotografie war ich zu fr√ºh. Aber um mit #HaraldHauswald &amp; #UteMahler z‚Ä¶ https://t.co/EHGNYfHK53
2022-09-03 12:19:00,‚ÄúKunst pur unter der Weltzeituhr‚Äù - das Fest der Berliner Jugendkunstschulen am Alex geht noch bis 16 Uhr. Ein sch√∂‚Ä¶ https://t.co/2h24koo7eI
2022-09-03 07:23:45,#Wut‚Ä¶ https://t.co/cjsROgdMFz
2022-09-03 07:23:02,"RT @SenKultEu: Weil Freiwilligenengagement nicht selbstverst√§ndlich ist! Unser Staatssekret√§r f√ºr #Europa, Gerry Woop, war heute in der @uf‚Ä¶"
2022-09-03 07:22:40,RT @SenKultEu: Heute war auch die Er√∂ffnung des Monats der zeitgen√∂ssischen Musik und Lange Nacht der Bilder im Kulturbezirk #Lichtenberg.‚Ä¶
2022-09-01 17:17:49,"RT @SenKultEu: Heute findet die feierliche Er√∂ffnung des #Dekoloniale-Festivals 2022 statt. In den n√§chsten Tagen wird es Workshops, Panels‚Ä¶"
2022-09-01 15:53:46,Die faszinierende Ausstellung ‚Äû#SchliemannsWelten‚Äú habe ich mir heute endlich in Ruhe ansehen k√∂nnen und eine tolle‚Ä¶ https://t.co/sanS8aI6kc
2022-09-01 13:46:33,"Mit @FranziskaGiffey, @Bettina_Jarasch und @AGH_Berlin-Pr√§sident @Dennis_Buchner habe ich mich heute in das Kondole‚Ä¶ https://t.co/0roUYKl6w1"
2022-08-31 11:59:48,"All das sollte uns kein Grund f√ºr einen unkritischen Personenkult sein, vielleicht aber f√ºr eine Ehrung seines Ande‚Ä¶ https://t.co/PMrn71kYrw"
2022-08-31 11:59:48,"Letztlich erwies sich das System als nicht reformierbar. Aber der Reform- und Modernisierungskurs, der alles andere‚Ä¶ https://t.co/k8bTMuC4JI"
2022-08-31 11:59:48,"Den Menschen in der DDR hat er in den 80er Jahren mit Perestroika und Glasnost die Hoffnung gegeben, dass Ver√§nderu‚Ä¶ https://t.co/93Ss7qMEta"
2022-08-31 11:59:47,weshalb man in Osteuropa und im Baltikum kritischer auf ihn blickt als hierzulande. Doch sein Bem√ºhen um ein Ende d‚Ä¶ https://t.co/IEORRi4FqJ
2022-08-31 11:59:47,"Ich trauere um einen Berliner Ehrenb√ºrger. #MichailGorbatschow hat tats√§chlich die Welt ver√§ndert. 
Sein politische‚Ä¶ https://t.co/L8YxXbaCof"
2022-08-28 12:49:36,"RT @mvduelmen: Comeback der Museen gelungen ü•≥! Hoffnungen erf√ºllt, Erwartungen √ºbertroffen: mit mehr als 40.000 (!!) Besucher*innen √ºbernah‚Ä¶"
2022-08-24 13:31:03,"BDS operiert mit Boykottaufrufen und starker Beeinflussung von K√ºnstlerinnen und K√ºnstlern, verbreitet Unwahrheiten‚Ä¶ https://t.co/IcpFKZdUPA"
2022-08-24 13:31:02,"Ich habe nie einen Zweifel daran gelassen, wie ich BDS sehe: Unter dem sehr d√ºnnen Deckmantel der Kritik an der Pol‚Ä¶ https://t.co/dRR7LNZ9yC"
2022-08-24 13:31:01,"Umso mehr freut es mich, dass die @IsraelinGermany auch in diesem Jahr K√ºnstlerinnen und K√ºnstler aus Israel unters‚Ä¶ https://t.co/4TXe8ODVnG"
2022-08-24 13:31:01,"Leider gibt es auch in diesem Jahr wieder BDS-Boykottaufrufe gegen das @popkulturberlin. Diese Aufrufe, begleitet v‚Ä¶ https://t.co/VGvP76DgjC"
2022-08-24 12:20:49,RT @SenKultEu: Soeben wurde der Preis K√ºnstlerische Forschung der @ScheringStiftg und des Landes Berlin verliehen. Er geht in diesem Jahr a‚Ä¶
2022-08-24 09:46:43,RT @SenKultEu: ‚ÄºÔ∏èBewerbungen weiterhin m√∂glich‚ÄºÔ∏è Die bisherige Frist f√ºr das F√∂rderprogramm ‚ÄûPerspektive Kultur‚Äú wurde vorl√§ufig ausgesetzt‚Ä¶
2022-08-19 08:48:30,RT @SenKultEu: Ab jetzt k√∂nnen sich Berliner Kulturschaffende mit Projekten und Veranstaltungen nahezu aller k√ºnstlerischer Sparten f√ºr den‚Ä¶
2022-08-07 19:39:58,Bei @YEClassic gab es f√ºr mich als inzwischen oft gewesenem Konzertpaten heute eine Premiere: Ballett! üéàüéâT√§nzer*inn‚Ä¶ https://t.co/nqylR8D6yT
2022-08-06 08:30:50,"‚ÄûWenn der Bundesfinanzminister sagt, er wolle 2023 die Schuldenbremse wieder einhalten - was v√∂llig irre ist -, dan‚Ä¶ https://t.co/NuD2zVzmon"
2022-08-06 08:27:25,"RT @SenKultEu: ‚ÄûEs ist uns mit diesem Festival gelungen, Menschen f√ºr unsere Kulturszene zu begeistern, die zu dieser sonst vielleicht nich‚Ä¶"
2022-08-04 10:18:01,"RT @SenKultEu: Ab jetzt ist die Bewerbung f√ºr das F√∂rderprogramm ‚ÄûPerspektive Kultur‚Äú m√∂glich. Noch bis 23. August!
‚ûî https://t.co/9dwk6LV1‚Ä¶"
2022-08-01 12:28:16,Im #HausAmWaldsee ist noch bis zum 28. August die Ausstellung #√úberlagerungen mit grandiosen Fotografien von‚Ä¶ https://t.co/3h58PQ6cIk
2022-08-01 08:56:58,Ein ‚ÄûSommerinterview‚Äú‚òÄÔ∏è mit der @rbbabendschau zu unserem sch√∂nen Berliner #Kultursommer und zur Lage der #Kultur m‚Ä¶ https://t.co/Ch3XdVqiCJ
2022-07-29 07:09:59,"sehr politische Arbeiten zu sehen. Ich habe an den Biennale-Orten KW Institute f√ºr Contemporary Art, @AdK_Berlin am‚Ä¶ https://t.co/kWXvjtt5sW"
2022-07-29 07:09:56,#Stillpresent! ist der Titel der 12. @BerlinBiennale f√ºr zeitgen√∂ssische Kunst. Sich gestern den halben Tag Zeit zu‚Ä¶ https://t.co/s9WUONWQvM
2022-07-28 09:51:15,"- und hier eine Empfehlung, die aktuellen Schwules Museum-Ausstellungen ‚ÄúTuntenhaus Forellenhof 1990‚Äù und ‚ÄúOca√±a. D‚Ä¶ https://t.co/2iSstb65Ou"
2022-07-28 09:51:14,"Zu Besuch im Schwulen* Museum @GayMuseum , wo ich (viel zu) lange nicht mehr gewesen bin. Vielen Dank an Birgit, Br‚Ä¶ https://t.co/AxuE3irjsE"
2022-07-28 08:20:48,RT @SenKultEu: F√ºr im Jahr 2023 stattfindende Projekte schreiben wir insgesamt 400.000 Euro aus. Der Bereich Diversit√§tsfonds bzw. IMPACT-F‚Ä¶
2022-07-23 20:20:15,"Ein grandioser, friedlicher, politischer @CSDberlin, mit Hunderttausenden Berliner*innen und G√§sten auf der Stra√üe‚Ä¶ https://t.co/jqE4AVv3nF"
2022-07-23 14:40:19,"Mit der Senatorin f√ºr Justiz, Vielfalt und Antidiskriminierung #LenaKreck beim @CSD_Berlin - tolle linke Mitstreite‚Ä¶ https://t.co/elTxEBt63W"
2022-07-23 13:49:19,"Mit der @dielinke_queer @LinkeQueer beim @CSD_Berlin - f√ºr #Selbstbestimmung, #Emanzipation und #Schutz f√ºr queere,‚Ä¶ https://t.co/E4TZXgdiJs"
2022-07-23 13:16:40,"RT @LinksfraktionB: Viele, viele, sehr viele Menschen beim #CSDBerlin und hier u.a. @klauslederer. https://t.co/bTuPdShnSj"
2022-07-23 12:09:42,L√§uft‚Ä¶ bzw. und f√§hrt. #HappyPride #CSD #Berlin @linksfraktion @dielinkeberlin @LinksfraktionB https://t.co/g6nKBR89nh
2022-07-23 12:03:09,RT @Tagesspiegel: Nach einer ersten Sch√§tzung der Polizei Berlin haben sich bisher etwa 27.000 Menschen dem #CSDBerlin angeschlossen. Erstm‚Ä¶
2022-07-23 11:55:44,Habe eben gerade die wunderbaren Freund*innen von #Keshet getroffen. Da ist richtig was los! #CSDBerlin‚Ä¶ https://t.co/vME3Rz5841
2022-07-23 11:46:32,RT @RegBerlin: Zum heutigen #CSDBerlin gedenken wir der im Nationalsozialismus verfolgten und ermordeten Homosexuellen. B√ºrgermeister @klau‚Ä¶
2022-07-23 11:36:22,"RT @RegBerlin: Happy Pride, Berlin! üè≥Ô∏è‚Äçüåàüè≥Ô∏è‚Äç‚ößÔ∏è Hunderttausende setzen heute auf dem @CSD_Berlin ein starkes Zeichen f√ºr Vielfalt, Freiheit u‚Ä¶"
2022-07-22 18:04:09,"Den #CSD-Gottesdienst in St. Marien feiern Christ*innen, Muslim*innen, J√ºdinnen*Juden jedes Jahr am Vorabend des‚Ä¶ https://t.co/CIuNfhFqwO"
2022-07-22 15:19:35,Heute habe ich mal wieder die @LiebermannVilla am #Wannsee besucht &amp; mich mit der Direktorin @wasensteiner &amp; dem Vo‚Ä¶ https://t.co/uRBjuQj2QB
2022-07-22 14:10:28,"Die kurze Antwort: Ja! üòâ 
F√ºr meine lange Antwort k√∂nnt ihr hier mein @rbb24Inforadio-Interview zum neuen Berliner‚Ä¶ https://t.co/Koj5s1k9Ra"
2022-07-22 08:59:50,üåà#Lesben und solidarische Freund*innen demonstrieren heute am Vorabend des @CSD_Berlin beim #DykeMarch f√ºr lesbisch‚Ä¶ https://t.co/SdFWZiAam4
2022-07-22 08:22:24,RT @dielinkeberlin: Sommer hei√üt auch Pride-Saison!üè≥Ô∏è‚Äçüåà@magda_albrecht von der @LinkeQueer spricht √ºber LINKE #LGBTQIA Politik: queere Befr‚Ä¶
2022-07-22 08:10:35,Im #CCA #Berlin ist derzeit eine Ausstellung mit Werken des ukrainischen K√ºnstlers Fedir Tetyanych (1942 - 2007)  i‚Ä¶ https://t.co/lknsBhNxrt
